タイトル,タイトルURL,画像URL,styles_captiontext_rpf1z,名前,給与,styles_bodytext_ky7
夜勤/閉店後のお店で在庫数を数えるお仕事,https://townwork.net/viewjob/jobid_6e4bb1f431bf11a7/,https://c74.s3.indeed.com/36562037-6c82-431a-a38a-8aed69c2dba8@w800,アルバイト・パート,アセットインベントリー株式会社　金沢営業所/棚卸,"時給1,100円",アクセス ＪＲ北陸新幹線 金沢金沢港口(西口)徒歩約3分、北陸鉄道浅野川線 北鉄金沢A-5口徒歩約5分、北陸鉄道浅野川線 七ツ屋徒歩約9分 ｢金沢駅｣西口徒歩4分(営業所)
短期でお引越しのお手伝い,https://townwork.net/viewjob/jobid_a6bd01bce315a317/,https://c74.s3.indeed.com/09d49e1f-bfbb-40bb-9897-70ffc43726e0@w800,アルバイト・パート,アート引越センター　金沢鼓門サテライトセンター,"日給8,800円以上",アクセス 北陸鉄道浅野川線 北鉄金沢A-7口徒歩約2分、連絡バス 金沢徒歩約2分、ＩＲいしかわ鉄道線/ハピラインふくい 金沢兼六園口(東口)徒歩約4分 北鉄金沢駅より徒歩2分
引越しスタッフ,https://townwork.net/viewjob/jobid_b30c6d3e46469fdc/,https://c74.s3.indeed.com/3ea785ef-18e1-4ce9-bd9c-6df2bdf0869b@w800,アルバイト・パート,アート引越センター　金沢鼓門サテライトセンター,"時給1,100円以上",アクセス 北陸鉄道浅野川線 北鉄金沢A-7口徒歩約2分、連絡バス 金沢徒歩約2分、ＩＲいしかわ鉄道線/ハピラインふくい 金沢兼六園口(東口)徒歩約4分 北鉄金沢駅より徒歩2分
飲料倉庫でのピッキングスタッフ,,https://c74.s3.indeed.com/b231642e-5efe-41d1-80f5-f14e41bac1ee@w800,アルバイト・パート,カナカン株式会社倉庫内(相川運輸株式会社),"時給1,060円～1,110円",交通・アクセス 健民海浜公園近く ＊車通勤可（駐車場完備）
バッグや時計やジュエリーのメンテナンススタッフ,https://townwork.net/viewjob/jobid_3bba6805b160b982/,https://c74.s3.indeed.com/5fb5fb01-ec4b-4709-afd3-4ac213594ffc@w800,アルバイト・パート,K-ブランドオフ　保古事務所(金沢商品管理部),"時給1,080円以上",交通・アクセス 最寄駅：西金沢駅
プラスチック製品の成形オペレーター,https://townwork.net/viewjob/jobid_4b3c549d84ab3b39/,https://c74.s3.indeed.com/a38c8a60-a9d5-431f-bd7d-e8df83535dbf@w800,アルバイト・パート,ホクモウ株式会社,"時給1,075円",交通・アクセス JR金沢駅より徒歩10分
バイヤーアシスタント,https://townwork.net/viewjob/jobid_331a358b44a0ac0d/,,アルバイト・パート,株式会社イーストバイウエスト,"時給1,060円～1,100円",交通・アクセス 金沢駅から車で10分
包装資材の倉庫スタッフ(未経験者歓迎),https://townwork.net/viewjob/jobid_b3b971e3b5b9d24b/,https://c74.s3.indeed.com/6c82b25a-196f-49e0-a809-018e539a6947@w800,アルバイト・パート,株式会社北陸共配,"時給1,100円～1,400円",交通・アクセス 北陸鉄道浅野川線 磯部駅より車で4分
ブランドオークションの運営受付スタッフ,https://townwork.net/viewjob/jobid_b68cf98788b5bd01/,https://c74.s3.indeed.com/1566903d-a802-410d-b8d4-be058908eb19@w800,アルバイト・パート,K-ブランドオフ　金沢本社,"時給1,270円以上",交通・アクセス 最寄駅：西金沢駅
魚市場の仕分け運搬スタッフ,https://townwork.net/viewjob/jobid_6bff202f32c1f6da/,https://c74.s3.indeed.com/ca9550fe-f781-412d-910d-0073ac3fed80@w800,アルバイト・パート,金沢丸中水産株式会社,"時給1,400円～1,500円",交通・アクセス 金沢駅から車で7分
オフィスの搬出入・軽作業スタッフ,https://townwork.net/viewjob/jobid_6b33be1b689a8c92/,https://c74.s3.indeed.com/331a4f02-e54f-4659-a60b-1616a0fd4e2c@w800,アルバイト・パート,株式会社プロサポート　金沢,"時給1,100円～1,650円",交通・アクセス 現場への直行直帰は要相談
配達荷物の仕分け・積み込み,,https://c74.s3.indeed.com/ae738764-ae3e-43c2-aca7-527b6775135d@w800,アルバイト・パート,佐川急便　金沢営業所,"時給1,084円以上",アクセス 北陸鉄道浅野川線『三ツ屋駅』
自動車部品の入出庫・軽作業スタッフ,https://townwork.net/viewjob/jobid_e1baa5e2bca9c667/,https://c74.s3.indeed.com/cf070c0d-0230-4914-83ca-61014625b58c@w800,アルバイト・パート,エンパイヤ自動車株式会社,"時給1,060円～1,200円",交通・アクセス 金沢駅車で7分
箔生産補助スタッフ,https://townwork.net/viewjob/jobid_317f9eb0bfacb16f/,,アルバイト・パート,箔一産業株式会社,"時給1,070円～1,370円",交通・アクセス 安原工業団地北口バス停より徒歩5分
単発梱包スタッフ,,https://c74.s3.indeed.com/93ccd053-f449-4299-bcef-5683335c05b5@w800,アルバイト・パート,サカイ引越センター 石川支社　(石川県),"時給1,060円以上",アクセス 金沢東ICから車で1分
仕分け作業(野菜・果物の取引先への配送準備),https://townwork.net/viewjob/jobid_b83a8fdf0daaf35a/,https://c74.s3.indeed.com/6779a3fc-022b-4343-939e-f5eac44687b9@w800,アルバイト・パート,北国青果株式会社,"時給1,060円～1,325円",- 最寄駅とそこからの距離 - ＩＲいしかわ鉄道 金沢 車 10分 車通勤可・バイク通勤可・自転車通勤可(従業員駐車場完備)
構内作業・事務・配送スタッフ,https://townwork.net/viewjob/jobid_399062b51119be0e/,https://c74.s3.indeed.com/3c914f89-f732-4c62-a724-e6d30d2519e0@w800,アルバイト・パート,ワークショッププラスソーロ(株式会社サワヤ),"時給1,150円～1,250円",交通・アクセス 金沢駅より車で5分／マイカー通勤可、駐車場完備
ガチャガチャの検品作業スタッフ,https://townwork.net/viewjob/jobid_7d478d29f8b82974/,https://c76.s3.indeed.com/b0d2fcfc-b500-410d-b538-721839b20712@w800,アルバイト・パート,株式会社リオン,"時給1,450円～2,050円",アクセス:  北陸鉄道石川線　野町 北陸鉄道浅野川線　北鉄金沢 ＩＲいしかわ鉄道線　金沢
プラスチック製品の梱包スタッフ,https://townwork.net/viewjob/jobid_7addbdc9cbf9b7c0/,https://c74.s3.indeed.com/77fc9ed6-9a9b-41c5-882d-9a66493a902b@w800,アルバイト・パート,ホクモウ株式会社　プラスチック事業部,"時給1,075円以上",交通・アクセス JR金沢駅から徒歩10分
洋菓子製造工場での梱包作業,https://townwork.net/viewjob/jobid_71caf37ee21ce7c2/,https://c74.s3.indeed.com/e76acb5a-d6ac-4698-8dfd-3224e116fefa@w800,アルバイト・パート,株式会社正木牧場　金沢工場,"時給1,150円～1,400円",交通アクセス 「東金沢」駅から徒歩で20分
リユースショップで楽器・PC・ゲーム・カメラ等の接客・販売,https://townwork.net/viewjob/jobid_4d7dffe22a384e9a/,https://c74.s3.indeed.com/9563e1dc-d59f-4678-9f2f-134dd4b82f39@w800,アルバイト・パート,ハードオフ　金沢諸江店,"時給1,200円以上",アクセス 北陸鉄道浅野川線 上諸江徒歩約8分、北陸鉄道浅野川線 磯部（石川県）徒歩約8分、北陸鉄道浅野川線 割出徒歩約16分 上諸江駅より徒歩10分
仕分け作業(営業所),,https://c74.s3.indeed.com/c551e982-a9ba-4880-a413-aa7a2e92de84@w800,アルバイト・パート,ヤマト運輸株式会社 金沢主管支店 金沢無量寺営業所(金沢港みらい),"時給1,200円以上",通勤情報 県道8号線「湊四丁目交差点」より徒歩10分
郵便局内の引受・受付・仕分けスタッフ,https://townwork.net/viewjob/jobid_cf3e568b347f1b2b/,https://c74.s3.indeed.com/d5b28c14-ad0c-4588-b5e1-8224bb8dbb02@w800,アルバイト・パート,日本郵便株式会社 新金沢郵便局,"時給1,080円以上",通勤情報 西金沢駅から徒歩20分
もやしの箱詰めスタッフ,https://townwork.net/viewjob/jobid_b66aadd791666252/,https://c74.s3.indeed.com/1b485722-2f00-421b-9de4-adc9c581fca4@w800,アルバイト・パート,有限会社　三吉商店,"時給1,100円以上",- 最寄駅とそこからの距離 - 北陸新幹線 金沢 車 8分 若宮大橋交差点から徒歩3分、くるまやラーメン金沢若宮店さん向かい
フォークリフト業務,https://townwork.net/viewjob/jobid_e054aae082222470/,https://c74.s3.indeed.com/e57aa5a7-499f-48e0-ad93-31185be111d0@w800,アルバイト・パート,ヤマト運輸株式会社 金沢主管支店 金沢駅西新町営業所,"時給1,200円以上",通勤情報 北陸鉄道浅野川線「上諸江駅」より徒歩16分
発注書仕分けおよび商品のピッキング,https://townwork.net/viewjob/jobid_b9af2f244ea31109/,https://c74.s3.indeed.com/3790db95-8531-4d7c-990a-9786ef0337b0@w800,アルバイト・パート,有限会社　三吉商店,"時給1,375円以上",- 最寄駅とそこからの距離 - 北陸新幹線 金沢 車 8分 若宮大橋交差点から徒歩3分、くるまやラーメン金沢若宮店さん向かい
荷受け・検品スタッフ,https://townwork.net/viewjob/jobid_3209355b644ae0e3/,https://c74.s3.indeed.com/ff667e1d-3638-45ba-a0b4-e92552929319@w800,アルバイト・パート,アル・プラザ　金沢,"時給1,140円～1,240円",アクセス 上諸江駅 6分
野菜・フルーツのピッキング作業,https://townwork.net/viewjob/jobid_0c8aeec9a2e17603/,https://c74.s3.indeed.com/c3afd388-979a-4b48-9572-7cfdc58e14e7@w800,アルバイト・パート,株式会社サカイダフルーツ,"時給1,130円以上",- 最寄駅とそこからの距離 - ＩＲいしかわ鉄道 金沢 車 4分 北陸鉄道石川線 野町 車 9分 北陸本線 金沢エムザさん近く
夏休み限定の積み込みスタッフ(単発),,https://c74.s3.indeed.com/f4e2ca7f-9dca-46bb-8b8e-cbe20e7b84bc@w800,アルバイト・パート,サカイ引越センター　石川支社,"時給1,200円",アクセス ＩＲいしかわ鉄道線 東金沢西口徒歩約24分、ＩＲいしかわ鉄道線 森本西口徒歩約26分、北陸鉄道浅野川線 割出徒歩約28分 ＪＲいしかわ鉄道線東金沢駅 車10分
(軽 作 業)雑貨や生活用品のピッキング,https://townwork.net/viewjob/jobid_4f50f4c125ff7e36/,https://c76.s3.indeed.com/b582bc1f-45c2-4ddf-ad71-cca3be57c891@w800,アルバイト・パート,株式会社リオン,"時給1,510円～2,040円",アクセス:  金沢駅 徒歩4~5分
倉庫内での仕分け作業,,https://c74.s3.indeed.com/146d49ca-2300-474d-9637-f5226639c2b1@w800,アルバイト・パート,株式会社ネオタクト,"時給1,250円～1,563円",
【軽作業スタッフ】プラスチック製品の梱包,https://townwork.net/viewjob/jobid_662997b86a03c934/,https://c76.s3.indeed.com/b736db01-6715-4dbf-a851-5d58706a5355@w800,アルバイト・パート,株式会社リオン,"時給1,490円～2,090円",アクセス:  北陸鉄道浅野川線　北鉄金沢 ＩＲいしかわ鉄道線/ハピラインふくい　金沢 ＪＲ北陸新幹線　金沢
食品の仕分け 箱詰め作業,https://townwork.net/viewjob/jobid_68d7115adfd26eaa/,https://c74.s3.indeed.com/eaf76d8c-e2d5-4b21-88e6-4d58657984a4@w800,アルバイト・パート,株式会社フローム石川営業所,"時給1,210円以上",
コロナワールドの送迎ドライバー,https://townwork.net/viewjob/jobid_2ccfea626f220b5d/,https://c74.s3.indeed.com/30e3d98a-6154-4498-93a9-2c56872e23f2@w800,アルバイト・パート,金沢コロナワールド　事務所,"時給1,200円以上",アクセス 北鉄バス（無量寺ベイパーク前）徒歩3分
倉庫内軽作業と事務作業　43935,https://townwork.net/viewjob/jobid_1c56763cd9a9bf3d/,https://c76.s3.indeed.com/40a0b78f-0aed-414e-97f9-e57c00c8da56@w800,アルバイト・パート,株式会社グレート,"時給1,100円",
倉庫内での分別・仕分けスタッフ,https://townwork.net/viewjob/jobid_d64ec1817cf93899/,https://c74.s3.indeed.com/4341d6b4-861c-4bdc-942a-72fe268aa038@w800,アルバイト・パート,ビコー　みなと工場,"時給1,100円以上",アクセス 北陸鉄道浅野川線 粟ヶ崎徒歩約9分、北陸鉄道浅野川線 蚊爪徒歩約11分、北陸鉄道浅野川線 北間徒歩約12分 粟ヶ崎駅より車3分
配送センターでの倉庫内作業,https://townwork.net/viewjob/jobid_a7dd8be6cca78037/,https://c74.s3.indeed.com/ba02f15c-c5d2-47e7-9334-6911537850e2@w800,アルバイト・パート,株式会社サカイパンダロジ 北陸,"時給1,200円以上",勤務地・最寄駅 IRいしかわ鉄道線 東金沢駅 IRいしかわ鉄道線 森本駅 IRいしかわ鉄道線 金沢駅
午前勤務の単発梱包スタッフ,,https://c74.s3.indeed.com/93ccd053-f449-4299-bcef-5683335c05b5@w800,アルバイト・パート,サカイ引越センター 金沢支社　(石川県),"時給1,060円以上",
運行管理者補助,https://townwork.net/viewjob/jobid_7edf9aaf893c6aa4/,https://c74.s3.indeed.com/78bd0ff8-a746-4c42-9d57-e1629b2b66e0@w800,アルバイト・パート,北陸日本海油送株式会社(金沢支店),"時給1,200円以上",交通・アクセス 南新保町から車で10分
引越アシスタント,https://townwork.net/viewjob/jobid_32e506a8098c542f/,https://c74.s3.indeed.com/061a8d36-596c-4f4b-9bd9-1c225af6b076@w800,アルバイト・パート,アート引越センター　金沢鼓門サテライトセンター,"時給1,100円以上",アクセス 北陸鉄道浅野川線 北鉄金沢A-7口徒歩約2分、連絡バス 金沢徒歩約2分、ＩＲいしかわ鉄道線/ハピラインふくい 金沢兼六園口(東口)徒歩約4分 北鉄金沢駅より徒歩2分
ピッキング・梱包,https://townwork.net/viewjob/jobid_68b765454fca7cb5/,https://c74.s3.indeed.com/81f9ba61-f990-4372-ba12-60ba03bbf69a@w800,アルバイト・パート,越屋メディカルケア　株式会社,"時給1,100円以上",交通アクセス ＩＲいしかわ鉄道「森本駅」車5分  通勤方法：車OK ※無料の駐車場あり
単発引越しメイン助手,,https://c74.s3.indeed.com/93ccd053-f449-4299-bcef-5683335c05b5@w800,アルバイト・パート,サカイ引越センター 石川支社　(石川県),"時給1,200円以上",アクセス 金沢東ICから車で1分
受付事務,https://townwork.net/viewjob/jobid_200c7b987a8dd901/,https://c74.s3.indeed.com/b7696ffb-e6ce-4fcb-b506-2e33f1b43576@w800,アルバイト・パート,ヤマト運輸株式会社 金沢主管支店 金沢北間町営業所(石川内灘),"時給1,200円以上",通勤情報 北陸鉄道浅野川線「北間駅」より徒歩10分
短期引越しアシスタント,https://townwork.net/viewjob/jobid_5e5df0636ce5bfb3/,https://c74.s3.indeed.com/93ccd053-f449-4299-bcef-5683335c05b5@w800,アルバイト・パート,サカイ引越センター 金沢支社　(石川県),"時給1,200円以上",
ユニフォーム管理ルームでの受付スタッフ,https://townwork.net/viewjob/jobid_deaf9b155bf5c8b7/,https://c74.s3.indeed.com/df3a5665-34dc-45d4-aa34-a80173c002d4@w800,アルバイト・パート,株式会社松本日光舎,"時給1,060円以上",勤務地・最寄駅 IRいしかわ鉄道線 金沢駅 金沢駅から徒歩1分程度
単発引越しスタッフ,https://townwork.net/viewjob/jobid_e2b5bfed27b7b0c7/,https://c74.s3.indeed.com/93ccd053-f449-4299-bcef-5683335c05b5@w800,アルバイト・パート,サカイ引越センター 金沢支社　(石川県),"時給1,200円以上",
午前勤務の単発引越しメイン助手,,https://c74.s3.indeed.com/93ccd053-f449-4299-bcef-5683335c05b5@w800,アルバイト・パート,サカイ引越センター 石川支社　(石川県),"時給1,200円以上",アクセス 金沢東ICから車で1分
酒屋の接客スタッフ(夕方開始),https://townwork.net/viewjob/jobid_79e4d028a56465c0/,https://c74.s3.indeed.com/7eab158e-de1b-43f0-990f-af3cd4202fbf@w800,アルバイト・パート,酒のソクハイ　金沢片町店,"時給1,400円～1,750円",アクセス 北陸鉄道石川線 野町徒歩約14分 北陸鉄道バス「片町」停留所より徒歩2分
酒屋の接客スタッフ(深夜勤務),https://townwork.net/viewjob/jobid_8f1951abd5a8abb3/,https://c74.s3.indeed.com/337c19c3-bf85-4824-b4d6-e6ca9821e921@w800,アルバイト・パート,酒のソクハイ　金沢片町店,"時給1,400円～1,750円",アクセス 北陸鉄道石川線 野町徒歩約14分 北陸鉄道バス「片町」停留所より徒歩2分
午前勤務の短期配送助手,,https://c74.s3.indeed.com/529430db-3b10-412c-8be5-d1da8fc83b67@w800,アルバイト・パート,サカイ引越センター 金沢支社　(石川県),"時給1,200円以上",
洋服のお直しスタッフ,,https://c74.s3.indeed.com/d8af0c56-2579-4efc-b687-e45124c1fa9f@w800,アルバイト・パート,ヤングドライ　泉野店舗,"時給1,055円～1,105円",アクセス 北陸鉄道石川線 野町徒歩約22分、北陸鉄道石川線 西泉徒歩約33分、北陸鉄道石川線 押野徒歩約39分
午前勤務の短期梱包スタッフ,https://townwork.net/viewjob/jobid_8ab0c889a17142d9/,https://c74.s3.indeed.com/93ccd053-f449-4299-bcef-5683335c05b5@w800,アルバイト・パート,サカイ引越センター 金沢支社　(石川県),"時給1,060円以上",
アパレル販売スタッフ,https://townwork.net/viewjob/jobid_b881fdd202bc04c6/,https://c74.s3.indeed.com/d93443f7-5f92-4169-bf3d-9d8c032a4b4d@w800,アルバイト・パート,TOMMY HILFIGER(トミー ヒルフィガー) 金沢店,"時給1,300円",交通・アクセス JR金沢駅より徒歩1分
洗車スタッフ,https://townwork.net/viewjob/jobid_0fa54fdc72c3e8a1/,https://c74.s3.indeed.com/abc60bad-1313-4e49-b995-f890611b1828@w800,アルバイト・パート,株式会社WECARS(ウィーカーズ)　金沢店/14sb,"時給1,100円以上",交通・アクセス 国道359号城北大通り沿い、神谷内交差点近くにある店舗です。
クリーニング工場での洗い場スタッフ,https://townwork.net/viewjob/jobid_121693a33c4f70c3/,https://c74.s3.indeed.com/eeef7b44-9d45-4070-bb15-3014b0e2aea6@w800,アルバイト・パート,株式会社松本日光舎,"時給1,060円以上",勤務地・最寄駅 北陸鉄道石川線 押野駅
土日限定!単発の荷物仕分けサポートスタッフ,,https://c74.s3.indeed.com/ecc2a9a5-ddc4-41c7-aed6-131ba004dc2d@w800,アルバイト・パート,サカイ引越センター　石川支社,"時給1,200円",アクセス ＩＲいしかわ鉄道線 東金沢西口徒歩約24分、ＩＲいしかわ鉄道線 森本西口徒歩約26分、北陸鉄道浅野川線 割出徒歩約28分 ＪＲいしかわ鉄道線東金沢駅 車10分
配送のお手伝いスタッフ,https://townwork.net/viewjob/jobid_9b24108a8883271d/,https://c74.s3.indeed.com/936e8675-1ac3-47b4-afa9-19b966836b49@w800,アルバイト・パート,株式会社サカイパンダロジ 北陸,"時給1,200円以上",勤務地・最寄駅 IRいしかわ鉄道線 東金沢駅 IRいしかわ鉄道線 森本駅 IRいしかわ鉄道線 金沢駅
午後勤務のクリーニング品の検品・プレス作業,,https://c74.s3.indeed.com/261ea9c6-c9ef-4d0b-bf61-6deb13c265a2@w800,アルバイト・パート,株式会社松本日光舎,"時給1,060円以上",勤務地・最寄駅 北陸鉄道石川線 押野駅
アドトラック(広告宣伝車)ドライバースタッフ,https://townwork.net/viewjob/jobid_176d65f953b3cfc6/,https://c74.s3.indeed.com/448875a3-956f-403e-b2e4-eb67f7ae2d3e@w800,アルバイト・パート,plus ONE株式会社,"時給1,200円以上",交通・アクセス 片町スクランブル交差点から徒歩1分
短期梱包スタッフ,https://townwork.net/viewjob/jobid_0527e6915de298d6/,https://c74.s3.indeed.com/93ccd053-f449-4299-bcef-5683335c05b5@w800,アルバイト・パート,サカイ引越センター 金沢支社　(石川県),"時給1,060円以上",
単発荷造りスタッフ,,https://c74.s3.indeed.com/93ccd053-f449-4299-bcef-5683335c05b5@w800,アルバイト・パート,サカイ引越センター 金沢支社　(石川県),"時給1,060円以上",
短期の荷物仕分けサポートスタッフ,https://townwork.net/viewjob/jobid_e848bffd93c7e0ee/,https://c74.s3.indeed.com/87d54fd8-fd4e-4536-8101-be50ab238278@w800,アルバイト・パート,サカイ引越センター　金沢支社,"時給1,200円",アクセス ＩＲいしかわ鉄道線 東金沢西口徒歩約24分、ＩＲいしかわ鉄道線 森本西口徒歩約26分、北陸鉄道浅野川線 割出徒歩約28分 ＪＲいしかわ鉄道線東金沢駅 車10分
登録制引越しメイン助手,,https://c74.s3.indeed.com/93ccd053-f449-4299-bcef-5683335c05b5@w800,アルバイト・パート,サカイ引越センター 石川支社　(石川県),"時給1,200円以上",アクセス 金沢東ICから車で1分
生活小物の梱包箱詰めスタッフ,,https://c74.s3.indeed.com/2ce26177-51aa-4c74-b79e-d32623c5443f@w800,アルバイト・パート,サカイ引越センター　石川支社,"時給1,060円",アクセス ＩＲいしかわ鉄道線 東金沢西口徒歩約24分、ＩＲいしかわ鉄道線 森本西口徒歩約26分、北陸鉄道浅野川線 割出徒歩約28分 ＪＲいしかわ鉄道線東金沢駅 車10分
クリーニング品の検品作業,https://townwork.net/viewjob/jobid_5229a94d4611ad6b/,https://c74.s3.indeed.com/465aad5b-89f5-4a4a-ac97-b0daed3482fc@w800,アルバイト・パート,株式会社松本日光舎,"時給1,060円以上",勤務地・最寄駅 北陸鉄道石川線 押野駅
午後勤務の単発配送助手,https://townwork.net/viewjob/jobid_709bb9aef7941b40/,https://c74.s3.indeed.com/529430db-3b10-412c-8be5-d1da8fc83b67@w800,アルバイト・パート,サカイ引越センター 石川支社　(石川県),"時給1,200円以上",アクセス 金沢東ICから車で1分
スーパーで野菜や青果の加工・品出し,,https://c74.s3.indeed.com/d629d761-754a-474c-88a1-1d2a6d8205b8@w800,アルバイト・パート,アルビス　高柳店,"時給1,065円以上",勤務地・最寄駅 IRいしかわ鉄道線 東金沢駅 徒歩17分
生活小物の梱包スタッフ,,https://c74.s3.indeed.com/2ce26177-51aa-4c74-b79e-d32623c5443f@w800,アルバイト・パート,サカイ引越センター　石川支社,"時給1,060円",アクセス ＩＲいしかわ鉄道線 東金沢西口徒歩約24分、ＩＲいしかわ鉄道線 森本西口徒歩約26分、北陸鉄道浅野川線 割出徒歩約28分 ＪＲいしかわ鉄道線東金沢駅 車10分
魚のパック詰め・値付け・加工スタッフ|02|PK,https://townwork.net/viewjob/jobid_27b63988c6f2d477/,,アルバイト・パート,スーパーマーケットバロー金沢元町店,"時給1,055円以上",交通・アクセス ＪＲ「金沢駅」より徒歩20分
スーパーで午前の精肉加工・品出し,,https://c74.s3.indeed.com/50618925-d634-44ed-871d-6795cb07a8b3@w800,アルバイト・パート,アルビス　大友店,"時給1,065円以上",勤務地・最寄駅 北陸鉄道浅野川線 割出駅
リユースショップで洋服・雑貨・スポーツ用品等の接客・販売,https://townwork.net/viewjob/jobid_dc825ca404d38bfe/,https://c74.s3.indeed.com/9563e1dc-d59f-4678-9f2f-134dd4b82f39@w800,アルバイト・パート,オフハウス　金沢諸江店,"時給1,200円以上",アクセス 北陸鉄道浅野川線 上諸江徒歩約8分、北陸鉄道浅野川線 磯部（石川県）徒歩約8分、北陸鉄道浅野川線 割出徒歩約16分 上諸江駅より徒歩10分
午後勤務の短期引越しスタッフ,https://townwork.net/viewjob/jobid_2303f617d869a092/,https://c74.s3.indeed.com/93ccd053-f449-4299-bcef-5683335c05b5@w800,アルバイト・パート,サカイ引越センター 金沢支社　(石川県),"時給1,200円以上",
午前勤務の登録制梱包スタッフ,,https://c74.s3.indeed.com/93ccd053-f449-4299-bcef-5683335c05b5@w800,アルバイト・パート,サカイ引越センター 金沢支社　(石川県),"時給1,060円以上",
箱詰めスタッフ,,https://c74.s3.indeed.com/2ce26177-51aa-4c74-b79e-d32623c5443f@w800,アルバイト・パート,サカイ引越センター　石川支社,"時給1,060円",アクセス ＩＲいしかわ鉄道線 東金沢西口徒歩約24分、ＩＲいしかわ鉄道線 森本西口徒歩約26分、北陸鉄道浅野川線 割出徒歩約28分 ＪＲいしかわ鉄道線東金沢駅 車10分
午前勤務の単発荷造りスタッフ,,https://c74.s3.indeed.com/93ccd053-f449-4299-bcef-5683335c05b5@w800,アルバイト・パート,サカイ引越センター 金沢支社　(石川県),"時給1,060円以上",
土日限定の荷物仕分けサポートスタッフ,https://townwork.net/viewjob/jobid_a41533ed67441982/,https://c74.s3.indeed.com/ecc2a9a5-ddc4-41c7-aed6-131ba004dc2d@w800,アルバイト・パート,サカイ引越センター　金沢支社,"時給1,200円",アクセス ＩＲいしかわ鉄道線 東金沢西口徒歩約24分、ＩＲいしかわ鉄道線 森本西口徒歩約26分、北陸鉄道浅野川線 割出徒歩約28分 ＪＲいしかわ鉄道線東金沢駅 車10分
魚の盛付や包装・調理加工・陳列,https://townwork.net/viewjob/jobid_976afb5aad67568f/,https://c74.s3.indeed.com/411d67f6-5b0c-4e8e-a7a5-3d56389b7636@w800,アルバイト・パート,アルビス　笠舞店,"時給1,115円以上",勤務地・最寄駅 北陸鉄道石川線 野町駅
午前勤務の引越しメイン助手,https://townwork.net/viewjob/jobid_f8284b88379774b2/,https://c74.s3.indeed.com/93ccd053-f449-4299-bcef-5683335c05b5@w800,アルバイト・パート,サカイ引越センター 金沢支社　(石川県),"時給1,200円以上",
配送アシスタント,,https://c74.s3.indeed.com/ecc2a9a5-ddc4-41c7-aed6-131ba004dc2d@w800,アルバイト・パート,サカイ引越センター　石川支社,"時給1,200円",アクセス ＩＲいしかわ鉄道線 東金沢西口徒歩約24分、ＩＲいしかわ鉄道線 森本西口徒歩約26分、北陸鉄道浅野川線 割出徒歩約28分 ＪＲいしかわ鉄道線東金沢駅 車10分
モップの配送・交換作業,,https://c74.s3.indeed.com/09756d9f-bc93-44f8-b9a7-79db6eb7668d@w800,アルバイト・パート,株式会社ダスキン 東海・北陸地球本部　ダスキン北陸かんだ営業所,"時給1,100円",アクセス 北陸鉄道石川線 西泉徒歩約9分、北陸鉄道石川線 野町徒歩約18分、北陸鉄道石川線 新西金沢徒歩約18分
魚のパック詰め・値付け・加工スタッフ|02|VT,https://townwork.net/viewjob/jobid_f658357b4668c035/,,アルバイト・パート,スーパーマーケットバロー木曳野店,"時給1,200円以上",交通・アクセス 「大河瑞駅」より車で12分
荷造り・荷解き梱包スタッフ,,https://c74.s3.indeed.com/2ce26177-51aa-4c74-b79e-d32623c5443f@w800,アルバイト・パート,サカイ引越センター　石川支社,"時給1,060円",アクセス ＩＲいしかわ鉄道線 東金沢西口徒歩約24分、ＩＲいしかわ鉄道線 森本西口徒歩約26分、北陸鉄道浅野川線 割出徒歩約28分 ＪＲいしかわ鉄道線東金沢駅 車10分
平日限定の引越アシスタント(単発),,https://c74.s3.indeed.com/87d54fd8-fd4e-4536-8101-be50ab238278@w800,アルバイト・パート,サカイ引越センター　金沢支社,"時給1,200円",アクセス ＩＲいしかわ鉄道線 東金沢西口徒歩約24分、ＩＲいしかわ鉄道線 森本西口徒歩約26分、北陸鉄道浅野川線 割出徒歩約28分 ＪＲいしかわ鉄道線東金沢駅 車10分
短期荷造りスタッフ,https://townwork.net/viewjob/jobid_3ab4191ea6091bcb/,https://c74.s3.indeed.com/93ccd053-f449-4299-bcef-5683335c05b5@w800,アルバイト・パート,サカイ引越センター 金沢支社　(石川県),"時給1,060円以上",
引越アシスタント(単発),,https://c74.s3.indeed.com/87d54fd8-fd4e-4536-8101-be50ab238278@w800,アルバイト・パート,サカイ引越センター　石川支社,"時給1,200円",アクセス ＩＲいしかわ鉄道線 東金沢西口徒歩約24分、ＩＲいしかわ鉄道線 森本西口徒歩約26分、北陸鉄道浅野川線 割出徒歩約28分 ＪＲいしかわ鉄道線東金沢駅 車10分
引越スタッフ(単発),,https://c74.s3.indeed.com/d2274178-b880-4b89-aa2d-5832cf13583a@w800,アルバイト・パート,サカイ引越センター　石川支社,"時給1,200円",アクセス ＩＲいしかわ鉄道線 東金沢西口徒歩約24分、ＩＲいしかわ鉄道線 森本西口徒歩約26分、北陸鉄道浅野川線 割出徒歩約28分 ＪＲいしかわ鉄道線東金沢駅 車10分
土日限定!単発勤務の引越スタッフ,,https://c74.s3.indeed.com/d2274178-b880-4b89-aa2d-5832cf13583a@w800,アルバイト・パート,サカイ引越センター　金沢支社,"時給1,200円",アクセス ＩＲいしかわ鉄道線 東金沢西口徒歩約24分、ＩＲいしかわ鉄道線 森本西口徒歩約26分、北陸鉄道浅野川線 割出徒歩約28分 ＪＲいしかわ鉄道線東金沢駅 車10分
午後勤務の短期荷造りスタッフ,https://townwork.net/viewjob/jobid_d2dbbc45a85bcb3e/,https://c74.s3.indeed.com/93ccd053-f449-4299-bcef-5683335c05b5@w800,アルバイト・パート,サカイ引越センター 金沢支社　(石川県),"時給1,060円以上",
午前勤務の短期荷造りスタッフ,https://townwork.net/viewjob/jobid_f9d8c3f9a7cdd19c/,https://c74.s3.indeed.com/93ccd053-f449-4299-bcef-5683335c05b5@w800,アルバイト・パート,サカイ引越センター 金沢支社　(石川県),"時給1,060円以上",
長期の引越スタッフ,https://townwork.net/viewjob/jobid_502181788ea02b62/,https://c74.s3.indeed.com/2ce26177-51aa-4c74-b79e-d32623c5443f@w800,アルバイト・パート,サカイ引越センター　金沢支社,"時給1,200円",アクセス ＩＲいしかわ鉄道線 東金沢西口徒歩約24分、ＩＲいしかわ鉄道線 森本西口徒歩約26分、北陸鉄道浅野川線 割出徒歩約28分 ＪＲいしかわ鉄道線東金沢駅 車10分
引越車両アシスタント(平日),https://townwork.net/viewjob/jobid_d46cc51d70f07199/,https://c74.s3.indeed.com/2ce26177-51aa-4c74-b79e-d32623c5443f@w800,アルバイト・パート,サカイ引越センター　金沢支社,"時給1,200円",アクセス ＩＲいしかわ鉄道線 東金沢西口徒歩約24分、ＩＲいしかわ鉄道線 森本西口徒歩約26分、北陸鉄道浅野川線 割出徒歩約28分 ＪＲいしかわ鉄道線東金沢駅 車10分
引越アシスタント(平日),,https://c74.s3.indeed.com/a9418de3-6d77-41a9-85a6-871347363527@w800,アルバイト・パート,サカイ引越センター　金沢支社,"時給1,200円",アクセス ＩＲいしかわ鉄道線 東金沢西口徒歩約24分、ＩＲいしかわ鉄道線 森本西口徒歩約26分、北陸鉄道浅野川線 割出徒歩約28分 ＪＲいしかわ鉄道線東金沢駅 車10分
引越現場コーディネータースタッフ(単発),,https://c74.s3.indeed.com/ecc2a9a5-ddc4-41c7-aed6-131ba004dc2d@w800,アルバイト・パート,サカイ引越センター　石川支社,"時給1,200円",アクセス ＩＲいしかわ鉄道線 東金沢西口徒歩約24分、ＩＲいしかわ鉄道線 森本西口徒歩約26分、北陸鉄道浅野川線 割出徒歩約28分 ＪＲいしかわ鉄道線東金沢駅 車10分
単発勤務の引越現場コーディネータースタッフ(平日),,https://c74.s3.indeed.com/ecc2a9a5-ddc4-41c7-aed6-131ba004dc2d@w800,アルバイト・パート,サカイ引越センター　金沢支社,"時給1,200円",アクセス ＩＲいしかわ鉄道線 東金沢西口徒歩約24分、ＩＲいしかわ鉄道線 森本西口徒歩約26分、北陸鉄道浅野川線 割出徒歩約28分 ＪＲいしかわ鉄道線東金沢駅 車10分
長期の引越アシスタント,https://townwork.net/viewjob/jobid_cde2dbc97c6ae8cd/,https://c74.s3.indeed.com/ecc2a9a5-ddc4-41c7-aed6-131ba004dc2d@w800,アルバイト・パート,サカイ引越センター　金沢支社,"時給1,200円",アクセス ＩＲいしかわ鉄道線 東金沢西口徒歩約24分、ＩＲいしかわ鉄道線 森本西口徒歩約26分、北陸鉄道浅野川線 割出徒歩約28分 ＪＲいしかわ鉄道線東金沢駅 車10分
